Fecha,ID Region,ID Producto,ID Indicador,Num,Den
2024-01-01,1,1,1,23,105
2024-01-01,1,1,2,87,95
2024-01-01,1,1,3,15314,142
2024-01-01,1,2,1,43,97
2024-01-01,1,2,2,96,96
2024-01-01,1,2,3,27349,102
2024-01-01,1,3,1,21,101
2024-01-01,1,3,2,75,95
2024-01-01,1,3,3,15623,135
2024-01-01,1,4,1,39,103
2024-01-01,1,4,2,95,95
2024-01-01,1,4,3,29295,130
2024-01-01,1,5,1,33,103
2024-01-01,1,5,2,98,98
2024-01-01,1,5,3,17115,230
2024-01-01,1,6,1,44,95
2024-01-01,1,6,2,97,97
2024-01-01,1,6,3,17105,167
2024-01-01,2,1,1,26,97
2024-01-01,2,1,2,76,100
2024-01-01,2,1,3,20449,103
2024-01-01,2,2,1,31,96
2024-01-01,2,2,2,100,100
2024-01-01,2,2,3,9423,147
2024-01-01,2,3,1,37,102
2024-01-01,2,3,2,94,96
2024-01-01,2,3,3,26089,100
2024-01-01,2,4,1,40,99
2024-01-01,2,4,2,93,104
2024-01-01,2,4,3,14300,227
2024-01-01,2,5,1,21,96
2024-01-01,2,5,2,84,105
2024-01-01,2,5,3,10614,154
2024-01-01,2,6,1,23,98
2024-01-01,2,6,2,87,101
2024-01-01,2,6,3,28830,196
2024-01-01,3,1,1,25,100
2024-01-01,3,1,2,92,100
2024-01-01,3,1,3,29960,133
2024-01-01,3,2,1,42,99
2024-01-01,3,2,2,74,105
2024-01-01,3,2,3,28806,235
2024-01-01,3,3,1,37,97
2024-01-01,3,3,2,80,98
2024-01-01,3,3,3,20433,198
2024-01-01,3,4,1,40,99
2024-01-01,3,4,2,84,103
2024-01-01,3,4,3,18626,255
2024-01-01,3,5,1,27,95
2024-01-01,3,5,2,90,95
2024-01-01,3,5,3,16773,182
2024-01-01,3,6,1,26,96
2024-01-01,3,6,2,90,104
2024-01-01,3,6,3,29477,134
2024-01-01,4,1,1,32,102
2024-01-01,4,1,2,99,105
2024-01-01,4,1,3,16679,116
2024-01-01,4,2,1,27,97
2024-01-01,4,2,2,103,103
2024-01-01,4,2,3,27155,147
2024-01-01,4,3,1,38,101
2024-01-01,4,3,2,93,101
2024-01-01,4,3,3,12532,136
2024-01-01,4,4,1,35,103
2024-01-01,4,4,2,73,96
2024-01-01,4,4,3,13008,108
2024-01-01,4,5,1,25,105
2024-01-01,4,5,2,97,105
2024-01-01,4,5,3,10081,232
2024-01-01,4,6,1,32,101
2024-01-01,4,6,2,99,104
2024-01-01,4,6,3,16238,215
2024-02-01,1,1,1,20,103
2024-02-01,1,1,2,77,105
2024-02-01,1,1,3,25595,254
2024-02-01,1,2,1,44,99
2024-02-01,1,2,2,91,105
2024-02-01,1,2,3,17617,108
2024-02-01,1,3,1,25,101
2024-02-01,1,3,2,70,102
2024-02-01,1,3,3,24403,147
2024-02-01,1,4,1,36,97
2024-02-01,1,4,2,96,96
2024-02-01,1,4,3,28937,156
2024-02-01,1,5,1,39,103
2024-02-01,1,5,2,79,98
2024-02-01,1,5,3,13293,175
2024-02-01,1,6,1,44,103
2024-02-01,1,6,2,70,103
2024-02-01,1,6,3,18621,233
2024-02-01,2,1,1,20,102
2024-02-01,2,1,2,93,96
2024-02-01,2,1,3,15846,158
2024-02-01,2,2,1,27,95
2024-02-01,2,2,2,75,104
2024-02-01,2,2,3,23924,101
2024-02-01,2,3,1,44,96
2024-02-01,2,3,2,78,103
2024-02-01,2,3,3,29618,112
2024-02-01,2,4,1,37,102
2024-02-01,2,4,2,86,97
2024-02-01,2,4,3,27876,215
2024-02-01,2,5,1,26,101
2024-02-01,2,5,2,82,103
2024-02-01,2,5,3,21074,159
2024-02-01,2,6,1,40,105
2024-02-01,2,6,2,98,100
2024-02-01,2,6,3,22794,212
2024-02-01,3,1,1,27,96
2024-02-01,3,1,2,74,98
2024-02-01,3,1,3,8689,166
2024-02-01,3,2,1,37,104
2024-02-01,3,2,2,98,98
2024-02-01,3,2,3,8235,136
2024-02-01,3,3,1,42,96
2024-02-01,3,3,2,73,105
2024-02-01,3,3,3,10208,138
2024-02-01,3,4,1,30,95
2024-02-01,3,4,2,96,96
2024-02-01,3,4,3,17125,140
2024-02-01,3,5,1,35,105
2024-02-01,3,5,2,98,98
2024-02-01,3,5,3,26711,113
2024-02-01,3,6,1,35,104
2024-02-01,3,6,2,98,98
2024-02-01,3,6,3,14239,184
2024-02-01,4,1,1,23,96
2024-02-01,4,1,2,97,105
2024-02-01,4,1,3,21879,170
2024-02-01,4,2,1,34,101
2024-02-01,4,2,2,76,95
2024-02-01,4,2,3,21193,95
2024-02-01,4,3,1,45,100
2024-02-01,4,3,2,85,96
2024-02-01,4,3,3,14232,129
2024-02-01,4,4,1,34,103
2024-02-01,4,4,2,97,97
2024-02-01,4,4,3,17127,126
2024-02-01,4,5,1,27,102
2024-02-01,4,5,2,96,96
2024-02-01,4,5,3,11208,220
2024-02-01,4,6,1,40,95
2024-02-01,4,6,2,70,103
2024-02-01,4,6,3,15745,103
2024-03-01,1,1,1,33,97
2024-03-01,1,1,2,100,102
2024-03-01,1,1,3,21141,134
2024-03-01,1,2,1,25,95
2024-03-01,1,2,2,70,101
2024-03-01,1,2,3,16690,179
2024-03-01,1,3,1,29,102
2024-03-01,1,3,2,101,101
2024-03-01,1,3,3,23947,249
2024-03-01,1,4,1,26,97
2024-03-01,1,4,2,83,99
2024-03-01,1,4,3,26978,94
2024-03-01,1,5,1,21,103
2024-03-01,1,5,2,73,100
2024-03-01,1,5,3,27142,92
2024-03-01,1,6,1,36,102
2024-03-01,1,6,2,80,103
2024-03-01,1,6,3,24640,94
2024-03-01,2,1,1,25,96
2024-03-01,2,1,2,96,96
2024-03-01,2,1,3,15707,97
2024-03-01,2,2,1,23,101
2024-03-01,2,2,2,85,104
2024-03-01,2,2,3,27481,228
2024-03-01,2,3,1,39,95
2024-03-01,2,3,2,96,96
2024-03-01,2,3,3,27125,248
2024-03-01,2,4,1,36,104
2024-03-01,2,4,2,86,100
2024-03-01,2,4,3,29945,132
2024-03-01,2,5,1,27,100
2024-03-01,2,5,2,95,99
2024-03-01,2,5,3,29151,113
2024-03-01,2,6,1,34,99
2024-03-01,2,6,2,74,100
2024-03-01,2,6,3,23017,82
2024-03-01,3,1,1,38,104
2024-03-01,3,1,2,74,96
2024-03-01,3,1,3,14984,217
2024-03-01,3,2,1,28,103
2024-03-01,3,2,2,92,97
2024-03-01,3,2,3,16004,97
2024-03-01,3,3,1,29,100
2024-03-01,3,3,2,97,97
2024-03-01,3,3,3,17912,219
2024-03-01,3,4,1,45,104
2024-03-01,3,4,2,103,105
2024-03-01,3,4,3,29884,82
2024-03-01,3,5,1,29,103
2024-03-01,3,5,2,76,105
2024-03-01,3,5,3,16666,114
2024-03-01,3,6,1,23,96
2024-03-01,3,6,2,79,103
2024-03-01,3,6,3,17232,149
2024-03-01,4,1,1,26,104
2024-03-01,4,1,2,83,100
2024-03-01,4,1,3,28782,255
2024-03-01,4,2,1,36,99
2024-03-01,4,2,2,86,102
2024-03-01,4,2,3,11024,93
2024-03-01,4,3,1,33,105
2024-03-01,4,3,2,72,99
2024-03-01,4,3,3,18929,80
2024-03-01,4,4,1,40,97
2024-03-01,4,4,2,80,99
2024-03-01,4,4,3,26077,193
2024-03-01,4,5,1,37,101
2024-03-01,4,5,2,77,95
2024-03-01,4,5,3,12884,99
2024-03-01,4,6,1,21,103
2024-03-01,4,6,2,100,100
2024-03-01,4,6,3,12852,221
2024-04-01,1,1,1,24,101
2024-04-01,1,1,2,89,95
2024-04-01,1,1,3,9307,173
2024-04-01,1,2,1,26,100
2024-04-01,1,2,2,85,105
2024-04-01,1,2,3,11368,250
2024-04-01,1,3,1,44,100
2024-04-01,1,3,2,96,103
2024-04-01,1,3,3,13064,238
2024-04-01,1,4,1,25,98
2024-04-01,1,4,2,96,97
2024-04-01,1,4,3,13877,86
2024-04-01,1,5,1,45,100
2024-04-01,1,5,2,85,101
2024-04-01,1,5,3,13216,148
2024-04-01,1,6,1,32,96
2024-04-01,1,6,2,95,95
2024-04-01,1,6,3,14539,136
2024-04-01,2,1,1,31,102
2024-04-01,2,1,2,84,99
2024-04-01,2,1,3,8775,137
2024-04-01,2,2,1,26,105
2024-04-01,2,2,2,91,101
2024-04-01,2,2,3,10274,151
2024-04-01,2,3,1,31,99
2024-04-01,2,3,2,102,105
2024-04-01,2,3,3,25570,182
2024-04-01,2,4,1,20,100
2024-04-01,2,4,2,86,96
2024-04-01,2,4,3,27024,125
2024-04-01,2,5,1,21,99
2024-04-01,2,5,2,96,96
2024-04-01,2,5,3,19327,191
2024-04-01,2,6,1,33,100
2024-04-01,2,6,2,102,104
2024-04-01,2,6,3,20622,109
2024-04-01,3,1,1,26,104
2024-04-01,3,1,2,72,99
2024-04-01,3,1,3,8055,191
2024-04-01,3,2,1,45,103
2024-04-01,3,2,2,82,103
2024-04-01,3,2,3,22132,173
2024-04-01,3,3,1,41,96
2024-04-01,3,3,2,100,100
2024-04-01,3,3,3,29737,160
2024-04-01,3,4,1,43,96
2024-04-01,3,4,2,99,99
2024-04-01,3,4,3,29852,159
2024-04-01,3,5,1,30,101
2024-04-01,3,5,2,88,101
2024-04-01,3,5,3,12170,221
2024-04-01,3,6,1,33,98
2024-04-01,3,6,2,94,105
2024-04-01,3,6,3,13702,253
2024-04-01,4,1,1,38,104
2024-04-01,4,1,2,95,99
2024-04-01,4,1,3,8013,220
2024-04-01,4,2,1,29,99
2024-04-01,4,2,2,97,98
2024-04-01,4,2,3,27879,228
2024-04-01,4,3,1,30,105
2024-04-01,4,3,2,98,102
2024-04-01,4,3,3,15002,193
2024-04-01,4,4,1,35,103
2024-04-01,4,4,2,75,97
2024-04-01,4,4,3,24890,152
2024-04-01,4,5,1,40,105
2024-04-01,4,5,2,91,104
2024-04-01,4,5,3,15696,103
2024-04-01,4,6,1,29,105
2024-04-01,4,6,2,82,98
2024-04-01,4,6,3,8800,117
2024-05-01,1,1,1,27,95
2024-05-01,1,1,2,102,102
2024-05-01,1,1,3,22923,98
2024-05-01,1,2,1,40,101
2024-05-01,1,2,2,82,104
2024-05-01,1,2,3,20582,258
2024-05-01,1,3,1,32,102
2024-05-01,1,3,2,79,98
2024-05-01,1,3,3,8181,247
2024-05-01,1,4,1,44,96
2024-05-01,1,4,2,84,101
2024-05-01,1,4,3,24972,125
2024-05-01,1,5,1,21,102
2024-05-01,1,5,2,85,103
2024-05-01,1,5,3,22957,111
2024-05-01,1,6,1,45,97
2024-05-01,1,6,2,102,102
2024-05-01,1,6,3,27511,223
2024-05-01,2,1,1,44,100
2024-05-01,2,1,2,102,102
2024-05-01,2,1,3,21983,209
2024-05-01,2,2,1,34,103
2024-05-01,2,2,2,97,97
2024-05-01,2,2,3,16493,195
2024-05-01,2,3,1,40,98
2024-05-01,2,3,2,99,99
2024-05-01,2,3,3,28537,204
2024-05-01,2,4,1,28,98
2024-05-01,2,4,2,74,102
2024-05-01,2,4,3,15683,153
2024-05-01,2,5,1,30,99
2024-05-01,2,5,2,100,100
2024-05-01,2,5,3,12534,100
2024-05-01,2,6,1,27,97
2024-05-01,2,6,2,79,101
2024-05-01,2,6,3,15010,260
2024-05-01,3,1,1,33,96
2024-05-01,3,1,2,91,101
2024-05-01,3,1,3,23267,218
2024-05-01,3,2,1,21,101
2024-05-01,3,2,2,96,98
2024-05-01,3,2,3,27139,179
2024-05-01,3,3,1,44,95
2024-05-01,3,3,2,94,104
2024-05-01,3,3,3,8193,202
2024-05-01,3,4,1,29,100
2024-05-01,3,4,2,96,101
2024-05-01,3,4,3,25895,217
2024-05-01,3,5,1,27,104
2024-05-01,3,5,2,84,102
2024-05-01,3,5,3,22281,149
2024-05-01,3,6,1,20,102
2024-05-01,3,6,2,91,101
2024-05-01,3,6,3,21248,251
2024-05-01,4,1,1,34,97
2024-05-01,4,1,2,97,97
2024-05-01,4,1,3,8883,216
2024-05-01,4,2,1,38,101
2024-05-01,4,2,2,71,104
2024-05-01,4,2,3,29061,101
2024-05-01,4,3,1,24,101
2024-05-01,4,3,2,81,102
2024-05-01,4,3,3,16524,92
2024-05-01,4,4,1,30,101
2024-05-01,4,4,2,98,98
2024-05-01,4,4,3,19059,163
2024-05-01,4,5,1,28,101
2024-05-01,4,5,2,86,101
2024-05-01,4,5,3,23411,100
2024-05-01,4,6,1,43,95
2024-05-01,4,6,2,73,103
2024-05-01,4,6,3,15347,169
2024-06-01,1,1,1,22,105
2024-06-01,1,1,2,72,105
2024-06-01,1,1,3,16102,87
2024-06-01,1,2,1,20,98
2024-06-01,1,2,2,79,104
2024-06-01,1,2,3,12136,141
2024-06-01,1,3,1,41,102
2024-06-01,1,3,2,96,96
2024-06-01,1,3,3,23238,135
2024-06-01,1,4,1,44,99
2024-06-01,1,4,2,80,100
2024-06-01,1,4,3,27898,235
2024-06-01,1,5,1,44,96
2024-06-01,1,5,2,89,97
2024-06-01,1,5,3,26962,107
2024-06-01,1,6,1,29,95
2024-06-01,1,6,2,94,104
2024-06-01,1,6,3,14498,181
2024-06-01,2,1,1,38,96
2024-06-01,2,1,2,85,105
2024-06-01,2,1,3,17882,106
2024-06-01,2,2,1,39,105
2024-06-01,2,2,2,96,96
2024-06-01,2,2,3,19377,90
2024-06-01,2,3,1,33,103
2024-06-01,2,3,2,93,105
2024-06-01,2,3,3,24579,97
2024-06-01,2,4,1,30,105
2024-06-01,2,4,2,95,95
2024-06-01,2,4,3,11458,205
2024-06-01,2,5,1,31,101
2024-06-01,2,5,2,99,105
2024-06-01,2,5,3,22270,119
2024-06-01,2,6,1,43,97
2024-06-01,2,6,2,87,103
2024-06-01,2,6,3,25634,237
2024-06-01,3,1,1,34,102
2024-06-01,3,1,2,101,101
2024-06-01,3,1,3,18561,148
2024-06-01,3,2,1,22,98
2024-06-01,3,2,2,98,99
2024-06-01,3,2,3,23227,142
2024-06-01,3,3,1,39,104
2024-06-01,3,3,2,94,105
2024-06-01,3,3,3,8940,166
2024-06-01,3,4,1,30,102
2024-06-01,3,4,2,97,97
2024-06-01,3,4,3,19626,134
2024-06-01,3,5,1,30,99
2024-06-01,3,5,2,99,99
2024-06-01,3,5,3,17052,259
2024-06-01,3,6,1,20,103
2024-06-01,3,6,2,82,103
2024-06-01,3,6,3,15908,101
2024-06-01,4,1,1,35,101
2024-06-01,4,1,2,85,103
2024-06-01,4,1,3,23600,256
2024-06-01,4,2,1,42,105
2024-06-01,4,2,2,98,102
2024-06-01,4,2,3,11049,84
2024-06-01,4,3,1,27,99
2024-06-01,4,3,2,85,101
2024-06-01,4,3,3,29756,158
2024-06-01,4,4,1,31,104
2024-06-01,4,4,2,102,102
2024-06-01,4,4,3,19264,215
2024-06-01,4,5,1,43,101
2024-06-01,4,5,2,91,103
2024-06-01,4,5,3,22868,170
2024-06-01,4,6,1,29,99
2024-06-01,4,6,2,84,99
2024-06-01,4,6,3,14310,110
2024-07-01,1,1,1,23,100
2024-07-01,1,1,2,81,103
2024-07-01,1,1,3,15090,129
2024-07-01,1,2,1,28,102
2024-07-01,1,2,2,103,104
2024-07-01,1,2,3,17273,232
2024-07-01,1,3,1,26,96
2024-07-01,1,3,2,84,99
2024-07-01,1,3,3,13879,172
2024-07-01,1,4,1,20,99
2024-07-01,1,4,2,78,103
2024-07-01,1,4,3,9491,150
2024-07-01,1,5,1,37,95
2024-07-01,1,5,2,78,99
2024-07-01,1,5,3,24085,243
2024-07-01,1,6,1,20,96
2024-07-01,1,6,2,88,104
2024-07-01,1,6,3,23686,200
2024-07-01,2,1,1,30,102
2024-07-01,2,1,2,73,97
2024-07-01,2,1,3,23654,144
2024-07-01,2,2,1,22,96
2024-07-01,2,2,2,101,101
2024-07-01,2,2,3,26907,98
2024-07-01,2,3,1,41,105
2024-07-01,2,3,2,79,95
2024-07-01,2,3,3,26443,118
2024-07-01,2,4,1,22,99
2024-07-01,2,4,2,77,98
2024-07-01,2,4,3,21637,222
2024-07-01,2,5,1,39,104
2024-07-01,2,5,2,84,104
2024-07-01,2,5,3,20464,213
2024-07-01,2,6,1,34,102
2024-07-01,2,6,2,99,99
2024-07-01,2,6,3,18006,189
2024-07-01,3,1,1,39,104
2024-07-01,3,1,2,95,95
2024-07-01,3,1,3,14808,105
2024-07-01,3,2,1,26,105
2024-07-01,3,2,2,75,99
2024-07-01,3,2,3,15859,120
2024-07-01,3,3,1,37,97
2024-07-01,3,3,2,80,96
2024-07-01,3,3,3,21386,80
2024-07-01,3,4,1,42,102
2024-07-01,3,4,2,100,104
2024-07-01,3,4,3,9069,154
2024-07-01,3,5,1,29,98
2024-07-01,3,5,2,99,99
2024-07-01,3,5,3,15648,98
2024-07-01,3,6,1,45,99
2024-07-01,3,6,2,105,105
2024-07-01,3,6,3,14482,249
2024-07-01,4,1,1,23,101
2024-07-01,4,1,2,84,103
2024-07-01,4,1,3,12882,245
2024-07-01,4,2,1,24,99
2024-07-01,4,2,2,73,96
2024-07-01,4,2,3,18079,122
2024-07-01,4,3,1,43,104
2024-07-01,4,3,2,88,104
2024-07-01,4,3,3,12074,192
2024-07-01,4,4,1,42,102
2024-07-01,4,4,2,95,99
2024-07-01,4,4,3,24399,149
2024-07-01,4,5,1,35,103
2024-07-01,4,5,2,75,102
2024-07-01,4,5,3,9306,233
2024-07-01,4,6,1,43,101
2024-07-01,4,6,2,100,100
2024-07-01,4,6,3,8847,144
2024-08-01,1,1,1,27,96
2024-08-01,1,1,2,105,105
2024-08-01,1,1,3,8679,230
2024-08-01,1,2,1,28,105
2024-08-01,1,2,2,72,104
2024-08-01,1,2,3,23417,124
2024-08-01,1,3,1,40,103
2024-08-01,1,3,2,87,102
2024-08-01,1,3,3,27180,126
2024-08-01,1,4,1,40,101
2024-08-01,1,4,2,75,102
2024-08-01,1,4,3,19401,200
2024-08-01,1,5,1,30,101
2024-08-01,1,5,2,76,100
2024-08-01,1,5,3,18807,121
2024-08-01,1,6,1,42,101
2024-08-01,1,6,2,88,102
2024-08-01,1,6,3,21122,249
2024-08-01,2,1,1,21,103
2024-08-01,2,1,2,75,102
2024-08-01,2,1,3,16270,160
2024-08-01,2,2,1,23,100
2024-08-01,2,2,2,101,101
2024-08-01,2,2,3,29550,80
2024-08-01,2,3,1,34,103
2024-08-01,2,3,2,73,101
2024-08-01,2,3,3,24988,128
2024-08-01,2,4,1,39,100
2024-08-01,2,4,2,102,102
2024-08-01,2,4,3,9691,193
2024-08-01,2,5,1,28,98
2024-08-01,2,5,2,78,103
2024-08-01,2,5,3,22356,153
2024-08-01,2,6,1,23,102
2024-08-01,2,6,2,95,95
2024-08-01,2,6,3,15841,235
2024-08-01,3,1,1,29,97
2024-08-01,3,1,2,70,103
2024-08-01,3,1,3,21369,221
2024-08-01,3,2,1,27,96
2024-08-01,3,2,2,96,96
2024-08-01,3,2,3,29224,110
2024-08-01,3,3,1,35,97
2024-08-01,3,3,2,99,99
2024-08-01,3,3,3,16959,260
2024-08-01,3,4,1,35,101
2024-08-01,3,4,2,85,102
2024-08-01,3,4,3,26063,196
2024-08-01,3,5,1,32,97
2024-08-01,3,5,2,98,98
2024-08-01,3,5,3,12473,210
2024-08-01,3,6,1,28,96
2024-08-01,3,6,2,91,101
2024-08-01,3,6,3,16754,209
2024-08-01,4,1,1,29,95
2024-08-01,4,1,2,99,99
2024-08-01,4,1,3,29624,228
2024-08-01,4,2,1,24,102
2024-08-01,4,2,2,102,102
2024-08-01,4,2,3,19309,203
2024-08-01,4,3,1,37,100
2024-08-01,4,3,2,94,103
2024-08-01,4,3,3,18544,196
2024-08-01,4,4,1,42,98
2024-08-01,4,4,2,98,98
2024-08-01,4,4,3,15653,178
2024-08-01,4,5,1,21,101
2024-08-01,4,5,2,100,100
2024-08-01,4,5,3,20492,260
2024-08-01,4,6,1,41,101
2024-08-01,4,6,2,79,105
2024-08-01,4,6,3,9213,206
2024-09-01,1,1,1,36,97
2024-09-01,1,1,2,91,104
2024-09-01,1,1,3,22427,105
2024-09-01,1,2,1,36,96
2024-09-01,1,2,2,70,102
2024-09-01,1,2,3,21434,116
2024-09-01,1,3,1,24,105
2024-09-01,1,3,2,96,96
2024-09-01,1,3,3,19093,147
2024-09-01,1,4,1,42,104
2024-09-01,1,4,2,75,101
2024-09-01,1,4,3,25485,164
2024-09-01,1,5,1,30,101
2024-09-01,1,5,2,101,105
2024-09-01,1,5,3,9176,218
2024-09-01,1,6,1,22,104
2024-09-01,1,6,2,98,98
2024-09-01,1,6,3,17416,255
2024-09-01,2,1,1,43,98
2024-09-01,2,1,2,96,96
2024-09-01,2,1,3,28766,105
2024-09-01,2,2,1,34,96
2024-09-01,2,2,2,89,97
2024-09-01,2,2,3,9507,87
2024-09-01,2,3,1,45,100
2024-09-01,2,3,2,88,95
2024-09-01,2,3,3,20282,171
2024-09-01,2,4,1,24,101
2024-09-01,2,4,2,98,98
2024-09-01,2,4,3,26544,185
2024-09-01,2,5,1,45,105
2024-09-01,2,5,2,80,97
2024-09-01,2,5,3,10587,124
2024-09-01,2,6,1,32,104
2024-09-01,2,6,2,85,104
2024-09-01,2,6,3,27108,207
2024-09-01,3,1,1,27,97
2024-09-01,3,1,2,102,102
2024-09-01,3,1,3,23059,145
2024-09-01,3,2,1,41,99
2024-09-01,3,2,2,95,95
2024-09-01,3,2,3,25910,153
2024-09-01,3,3,1,22,97
2024-09-01,3,3,2,92,102
2024-09-01,3,3,3,17802,230
2024-09-01,3,4,1,33,105
2024-09-01,3,4,2,99,99
2024-09-01,3,4,3,14527,157
2024-09-01,3,5,1,35,101
2024-09-01,3,5,2,85,96
2024-09-01,3,5,3,26740,177
2024-09-01,3,6,1,38,100
2024-09-01,3,6,2,88,99
2024-09-01,3,6,3,29568,85
2024-09-01,4,1,1,28,101
2024-09-01,4,1,2,95,95
2024-09-01,4,1,3,9607,255
2024-09-01,4,2,1,43,104
2024-09-01,4,2,2,88,102
2024-09-01,4,2,3,27892,138
2024-09-01,4,3,1,27,100
2024-09-01,4,3,2,82,105
2024-09-01,4,3,3,16212,238
2024-09-01,4,4,1,44,105
2024-09-01,4,4,2,78,105
2024-09-01,4,4,3,11183,240
2024-09-01,4,5,1,40,105
2024-09-01,4,5,2,89,95
2024-09-01,4,5,3,9093,192
2024-09-01,4,6,1,31,104
2024-09-01,4,6,2,75,97
2024-09-01,4,6,3,18705,155
2024-10-01,1,1,1,25,101
2024-10-01,1,1,2,78,98
2024-10-01,1,1,3,19988,218
2024-10-01,1,2,1,36,103
2024-10-01,1,2,2,80,99
2024-10-01,1,2,3,23789,145
2024-10-01,1,3,1,43,99
2024-10-01,1,3,2,77,100
2024-10-01,1,3,3,10467,199
2024-10-01,1,4,1,44,97
2024-10-01,1,4,2,95,98
2024-10-01,1,4,3,19985,222
2024-10-01,1,5,1,45,96
2024-10-01,1,5,2,70,101
2024-10-01,1,5,3,25582,147
2024-10-01,1,6,1,34,96
2024-10-01,1,6,2,86,100
2024-10-01,1,6,3,20485,229
2024-10-01,2,1,1,31,105
2024-10-01,2,1,2,84,96
2024-10-01,2,1,3,8820,200
2024-10-01,2,2,1,37,104
2024-10-01,2,2,2,100,100
2024-10-01,2,2,3,29222,136
2024-10-01,2,3,1,40,96
2024-10-01,2,3,2,89,102
2024-10-01,2,3,3,21379,246
2024-10-01,2,4,1,24,96
2024-10-01,2,4,2,72,95
2024-10-01,2,4,3,24142,157
2024-10-01,2,5,1,23,96
2024-10-01,2,5,2,98,98
2024-10-01,2,5,3,20735,114
2024-10-01,2,6,1,31,102
2024-10-01,2,6,2,104,105
2024-10-01,2,6,3,27245,187
2024-10-01,3,1,1,33,97
2024-10-01,3,1,2,76,105
2024-10-01,3,1,3,28173,205
2024-10-01,3,2,1,28,101
2024-10-01,3,2,2,93,95
2024-10-01,3,2,3,22528,135
2024-10-01,3,3,1,27,102
2024-10-01,3,3,2,76,100
2024-10-01,3,3,3,20036,255
2024-10-01,3,4,1,40,103
2024-10-01,3,4,2,73,100
2024-10-01,3,4,3,17040,181
2024-10-01,3,5,1,23,98
2024-10-01,3,5,2,75,102
2024-10-01,3,5,3,14950,249
2024-10-01,3,6,1,40,105
2024-10-01,3,6,2,71,104
2024-10-01,3,6,3,18928,92
2024-10-01,4,1,1,24,98
2024-10-01,4,1,2,83,104
2024-10-01,4,1,3,26160,97
2024-10-01,4,2,1,38,98
2024-10-01,4,2,2,84,98
2024-10-01,4,2,3,12835,164
2024-10-01,4,3,1,20,104
2024-10-01,4,3,2,79,99
2024-10-01,4,3,3,25701,113
2024-10-01,4,4,1,45,99
2024-10-01,4,4,2,77,97
2024-10-01,4,4,3,8844,249
2024-10-01,4,5,1,20,97
2024-10-01,4,5,2,85,100
2024-10-01,4,5,3,18609,230
2024-10-01,4,6,1,25,95
2024-10-01,4,6,2,73,99
2024-10-01,4,6,3,21794,112
2024-11-01,1,1,1,23,103
2024-11-01,1,1,2,96,96
2024-11-01,1,1,3,19863,194
2024-11-01,1,2,1,38,103
2024-11-01,1,2,2,96,96
2024-11-01,1,2,3,15259,208
2024-11-01,1,3,1,21,104
2024-11-01,1,3,2,103,105
2024-11-01,1,3,3,23009,157
2024-11-01,1,4,1,20,105
2024-11-01,1,4,2,95,95
2024-11-01,1,4,3,21968,182
2024-11-01,1,5,1,23,105
2024-11-01,1,5,2,98,102
2024-11-01,1,5,3,10647,98
2024-11-01,1,6,1,39,100
2024-11-01,1,6,2,74,97
2024-11-01,1,6,3,17011,112
2024-11-01,2,1,1,40,104
2024-11-01,2,1,2,104,104
2024-11-01,2,1,3,20481,163
2024-11-01,2,2,1,36,104
2024-11-01,2,2,2,99,99
2024-11-01,2,2,3,27838,209
2024-11-01,2,3,1,23,101
2024-11-01,2,3,2,96,96
2024-11-01,2,3,3,22092,135
2024-11-01,2,4,1,27,102
2024-11-01,2,4,2,91,101
2024-11-01,2,4,3,21065,196
2024-11-01,2,5,1,43,101
2024-11-01,2,5,2,90,96
2024-11-01,2,5,3,18240,189
2024-11-01,2,6,1,28,105
2024-11-01,2,6,2,79,100
2024-11-01,2,6,3,23540,255
2024-11-01,3,1,1,22,96
2024-11-01,3,1,2,75,96
2024-11-01,3,1,3,11164,190
2024-11-01,3,2,1,45,100
2024-11-01,3,2,2,97,97
2024-11-01,3,2,3,27217,95
2024-11-01,3,3,1,37,103
2024-11-01,3,3,2,77,100
2024-11-01,3,3,3,19586,185
2024-11-01,3,4,1,44,105
2024-11-01,3,4,2,73,101
2024-11-01,3,4,3,27674,153
2024-11-01,3,5,1,31,99
2024-11-01,3,5,2,96,96
2024-11-01,3,5,3,14971,209
2024-11-01,3,6,1,41,97
2024-11-01,3,6,2,84,102
2024-11-01,3,6,3,19472,107
2024-11-01,4,1,1,31,103
2024-11-01,4,1,2,87,96
2024-11-01,4,1,3,15410,226
2024-11-01,4,2,1,37,101
2024-11-01,4,2,2,104,104
2024-11-01,4,2,3,29059,252
2024-11-01,4,3,1,20,103
2024-11-01,4,3,2,87,104
2024-11-01,4,3,3,13911,87
2024-11-01,4,4,1,42,99
2024-11-01,4,4,2,91,99
2024-11-01,4,4,3,8200,169
2024-11-01,4,5,1,24,97
2024-11-01,4,5,2,95,104
2024-11-01,4,5,3,12648,97
2024-11-01,4,6,1,20,105
2024-11-01,4,6,2,96,96
2024-11-01,4,6,3,20327,135
2024-12-01,1,1,1,34,101
2024-12-01,1,1,2,80,100
2024-12-01,1,1,3,18211,174
2024-12-01,1,2,1,44,100
2024-12-01,1,2,2,104,104
2024-12-01,1,2,3,9723,101
2024-12-01,1,3,1,25,97
2024-12-01,1,3,2,73,104
2024-12-01,1,3,3,10673,252
2024-12-01,1,4,1,34,99
2024-12-01,1,4,2,97,105
2024-12-01,1,4,3,27892,204
2024-12-01,1,5,1,33,102
2024-12-01,1,5,2,83,99
2024-12-01,1,5,3,11729,211
2024-12-01,1,6,1,33,100
2024-12-01,1,6,2,88,96
2024-12-01,1,6,3,27435,253
2024-12-01,2,1,1,36,102
2024-12-01,2,1,2,89,105
2024-12-01,2,1,3,15225,91
2024-12-01,2,2,1,39,101
2024-12-01,2,2,2,70,95
2024-12-01,2,2,3,17876,132
2024-12-01,2,3,1,44,98
2024-12-01,2,3,2,86,97
2024-12-01,2,3,3,18751,154
2024-12-01,2,4,1,20,96
2024-12-01,2,4,2,97,102
2024-12-01,2,4,3,12233,124
2024-12-01,2,5,1,37,101
2024-12-01,2,5,2,98,98
2024-12-01,2,5,3,29890,223
2024-12-01,2,6,1,22,100
2024-12-01,2,6,2,72,101
2024-12-01,2,6,3,8614,191
2024-12-01,3,1,1,22,102
2024-12-01,3,1,2,100,100
2024-12-01,3,1,3,26789,189
2024-12-01,3,2,1,42,101
2024-12-01,3,2,2,96,105
2024-12-01,3,2,3,11774,154
2024-12-01,3,3,1,20,101
2024-12-01,3,3,2,80,100
2024-12-01,3,3,3,23076,238
2024-12-01,3,4,1,22,100
2024-12-01,3,4,2,76,101
2024-12-01,3,4,3,22276,142
2024-12-01,3,5,1,32,104
2024-12-01,3,5,2,75,103
2024-12-01,3,5,3,18167,181
2024-12-01,3,6,1,27,100
2024-12-01,3,6,2,80,100
2024-12-01,3,6,3,24727,99
2024-12-01,4,1,1,23,105
2024-12-01,4,1,2,102,103
2024-12-01,4,1,3,19448,129
2024-12-01,4,2,1,43,100
2024-12-01,4,2,2,79,105
2024-12-01,4,2,3,11368,140
2024-12-01,4,3,1,28,97
2024-12-01,4,3,2,81,98
2024-12-01,4,3,3,13009,234
2024-12-01,4,4,1,22,105
2024-12-01,4,4,2,97,97
2024-12-01,4,4,3,23202,206
2024-12-01,4,5,1,44,104
2024-12-01,4,5,2,98,104
2024-12-01,4,5,3,26497,254
2024-12-01,4,6,1,40,105
2024-12-01,4,6,2,90,104
2024-12-01,4,6,3,18359,240
2025-01-01,1,1,1,34,97
2025-01-01,1,1,2,96,96
2025-01-01,1,1,3,28689,193
2025-01-01,1,2,1,45,99
2025-01-01,1,2,2,99,99
2025-01-01,1,2,3,19532,94
2025-01-01,1,3,1,22,103
2025-01-01,1,3,2,99,99
2025-01-01,1,3,3,9232,195
2025-01-01,1,4,1,31,95
2025-01-01,1,4,2,74,99
2025-01-01,1,4,3,10958,245
2025-01-01,1,5,1,39,104
2025-01-01,1,5,2,94,103
2025-01-01,1,5,3,27016,198
2025-01-01,1,6,1,45,103
2025-01-01,1,6,2,95,95
2025-01-01,1,6,3,29359,226
2025-01-01,2,1,1,30,98
2025-01-01,2,1,2,100,104
2025-01-01,2,1,3,12943,208
2025-01-01,2,2,1,34,95
2025-01-01,2,2,2,91,96
2025-01-01,2,2,3,24533,101
2025-01-01,2,3,1,25,105
2025-01-01,2,3,2,85,95
2025-01-01,2,3,3,22398,192
2025-01-01,2,4,1,36,103
2025-01-01,2,4,2,80,104
2025-01-01,2,4,3,20217,173
2025-01-01,2,5,1,32,99
2025-01-01,2,5,2,91,101
2025-01-01,2,5,3,27591,253
2025-01-01,2,6,1,45,95
2025-01-01,2,6,2,91,105
2025-01-01,2,6,3,18803,96
2025-01-01,3,1,1,37,96
2025-01-01,3,1,2,94,105
2025-01-01,3,1,3,16257,152
2025-01-01,3,2,1,39,105
2025-01-01,3,2,2,91,97
2025-01-01,3,2,3,27095,100
2025-01-01,3,3,1,24,105
2025-01-01,3,3,2,89,100
2025-01-01,3,3,3,29696,247
2025-01-01,3,4,1,24,101
2025-01-01,3,4,2,75,104
2025-01-01,3,4,3,26314,159
2025-01-01,3,5,1,40,101
2025-01-01,3,5,2,78,100
2025-01-01,3,5,3,25248,251
2025-01-01,3,6,1,40,96
2025-01-01,3,6,2,97,105
2025-01-01,3,6,3,19856,210
2025-01-01,4,1,1,31,95
2025-01-01,4,1,2,81,99
2025-01-01,4,1,3,19197,134
2025-01-01,4,2,1,26,102
2025-01-01,4,2,2,78,98
2025-01-01,4,2,3,10528,119
2025-01-01,4,3,1,45,99
2025-01-01,4,3,2,96,96
2025-01-01,4,3,3,25253,218
2025-01-01,4,4,1,41,95
2025-01-01,4,4,2,100,100
2025-01-01,4,4,3,27570,113
2025-01-01,4,5,1,24,101
2025-01-01,4,5,2,81,97
2025-01-01,4,5,3,28471,257
2025-01-01,4,6,1,43,97
2025-01-01,4,6,2,72,102
2025-01-01,4,6,3,19937,185
2025-02-01,1,1,1,43,105
2025-02-01,1,1,2,98,98
2025-02-01,1,1,3,17336,236
2025-02-01,1,2,1,27,102
2025-02-01,1,2,2,85,103
2025-02-01,1,2,3,23368,159
2025-02-01,1,3,1,31,98
2025-02-01,1,3,2,105,105
2025-02-01,1,3,3,23128,192
2025-02-01,1,4,1,44,99
2025-02-01,1,4,2,101,101
2025-02-01,1,4,3,21718,215
2025-02-01,1,5,1,26,97
2025-02-01,1,5,2,78,104
2025-02-01,1,5,3,9709,144
2025-02-01,1,6,1,35,105
2025-02-01,1,6,2,100,100
2025-02-01,1,6,3,24905,106
2025-02-01,2,1,1,29,96
2025-02-01,2,1,2,80,96
2025-02-01,2,1,3,22723,149
2025-02-01,2,2,1,24,103
2025-02-01,2,2,2,75,101
2025-02-01,2,2,3,22782,136
2025-02-01,2,3,1,20,100
2025-02-01,2,3,2,73,101
2025-02-01,2,3,3,24449,181
2025-02-01,2,4,1,27,100
2025-02-01,2,4,2,75,101
2025-02-01,2,4,3,15357,175
2025-02-01,2,5,1,30,95
2025-02-01,2,5,2,91,96
2025-02-01,2,5,3,12508,117
2025-02-01,2,6,1,29,95
2025-02-01,2,6,2,78,102
2025-02-01,2,6,3,23371,260
2025-02-01,3,1,1,39,102
2025-02-01,3,1,2,75,95
2025-02-01,3,1,3,16386,84
2025-02-01,3,2,1,24,98
2025-02-01,3,2,2,103,103
2025-02-01,3,2,3,21869,215
2025-02-01,3,3,1,44,96
2025-02-01,3,3,2,85,99
2025-02-01,3,3,3,11992,157
2025-02-01,3,4,1,27,95
2025-02-01,3,4,2,101,101
2025-02-01,3,4,3,22978,239
2025-02-01,3,5,1,23,96
2025-02-01,3,5,2,102,102
2025-02-01,3,5,3,8538,217
2025-02-01,3,6,1,36,105
2025-02-01,3,6,2,85,104
2025-02-01,3,6,3,17544,116
2025-02-01,4,1,1,20,101
2025-02-01,4,1,2,92,104
2025-02-01,4,1,3,26699,141
2025-02-01,4,2,1,25,101
2025-02-01,4,2,2,75,105
2025-02-01,4,2,3,19816,214
2025-02-01,4,3,1,36,96
2025-02-01,4,3,2,102,103
2025-02-01,4,3,3,26158,209
2025-02-01,4,4,1,32,95
2025-02-01,4,4,2,72,102
2025-02-01,4,4,3,20677,242
2025-02-01,4,5,1,28,100
2025-02-01,4,5,2,92,95
2025-02-01,4,5,3,19298,97
2025-02-01,4,6,1,43,98
2025-02-01,4,6,2,105,105
2025-02-01,4,6,3,27067,106
2025-03-01,1,1,1,24,100
2025-03-01,1,1,2,92,95
2025-03-01,1,1,3,19093,219
2025-03-01,1,2,1,25,105
2025-03-01,1,2,2,99,105
2025-03-01,1,2,3,23680,258
2025-03-01,1,3,1,25,105
2025-03-01,1,3,2,74,97
2025-03-01,1,3,3,9211,197
2025-03-01,1,4,1,26,99
2025-03-01,1,4,2,82,95
2025-03-01,1,4,3,18341,90
2025-03-01,1,5,1,36,99
2025-03-01,1,5,2,101,101
2025-03-01,1,5,3,16300,201
2025-03-01,1,6,1,44,95
2025-03-01,1,6,2,82,105
2025-03-01,1,6,3,19697,153
2025-03-01,2,1,1,40,95
2025-03-01,2,1,2,87,100
2025-03-01,2,1,3,20059,111
2025-03-01,2,2,1,32,101
2025-03-01,2,2,2,94,102
2025-03-01,2,2,3,14121,166
2025-03-01,2,3,1,42,102
2025-03-01,2,3,2,93,102
2025-03-01,2,3,3,16739,212
2025-03-01,2,4,1,43,96
2025-03-01,2,4,2,75,101
2025-03-01,2,4,3,27741,190
2025-03-01,2,5,1,37,97
2025-03-01,2,5,2,90,99
2025-03-01,2,5,3,10623,106
2025-03-01,2,6,1,41,100
2025-03-01,2,6,2,89,99
2025-03-01,2,6,3,27746,194
2025-03-01,3,1,1,25,101
2025-03-01,3,1,2,92,102
2025-03-01,3,1,3,9387,194
2025-03-01,3,2,1,39,100
2025-03-01,3,2,2,87,101
2025-03-01,3,2,3,9879,243
2025-03-01,3,3,1,41,96
2025-03-01,3,3,2,95,105
2025-03-01,3,3,3,24812,173
2025-03-01,3,4,1,25,105
2025-03-01,3,4,2,79,95
2025-03-01,3,4,3,22358,235
2025-03-01,3,5,1,24,95
2025-03-01,3,5,2,85,96
2025-03-01,3,5,3,20003,245
2025-03-01,3,6,1,32,100
2025-03-01,3,6,2,72,104
2025-03-01,3,6,3,13027,234
2025-03-01,4,1,1,34,105
2025-03-01,4,1,2,93,100
2025-03-01,4,1,3,10519,193
2025-03-01,4,2,1,24,104
2025-03-01,4,2,2,93,103
2025-03-01,4,2,3,18301,181
2025-03-01,4,3,1,28,105
2025-03-01,4,3,2,77,98
2025-03-01,4,3,3,14096,86
2025-03-01,4,4,1,36,102
2025-03-01,4,4,2,101,101
2025-03-01,4,4,3,16577,110
2025-03-01,4,5,1,42,99
2025-03-01,4,5,2,83,102
2025-03-01,4,5,3,17357,236
2025-03-01,4,6,1,26,102
2025-03-01,4,6,2,78,96
2025-03-01,4,6,3,22812,98
2025-04-01,1,1,1,42,97
2025-04-01,1,1,2,75,102
2025-04-01,1,1,3,18472,254
2025-04-01,1,2,1,31,105
2025-04-01,1,2,2,96,96
2025-04-01,1,2,3,17514,218
2025-04-01,1,3,1,25,99
2025-04-01,1,3,2,81,105
2025-04-01,1,3,3,24670,172
2025-04-01,1,4,1,23,98
2025-04-01,1,4,2,78,98
2025-04-01,1,4,3,24188,140
2025-04-01,1,5,1,31,95
2025-04-01,1,5,2,103,103
2025-04-01,1,5,3,23315,174
2025-04-01,1,6,1,24,103
2025-04-01,1,6,2,75,104
2025-04-01,1,6,3,18134,96
2025-04-01,2,1,1,42,101
2025-04-01,2,1,2,102,102
2025-04-01,2,1,3,21416,185
2025-04-01,2,2,1,22,104
2025-04-01,2,2,2,90,97
2025-04-01,2,2,3,10430,244
2025-04-01,2,3,1,34,102
2025-04-01,2,3,2,103,105
2025-04-01,2,3,3,12205,168
2025-04-01,2,4,1,40,103
2025-04-01,2,4,2,81,104
2025-04-01,2,4,3,22176,113
2025-04-01,2,5,1,21,103
2025-04-01,2,5,2,96,96
2025-04-01,2,5,3,17965,119
2025-04-01,2,6,1,25,97
2025-04-01,2,6,2,84,100
2025-04-01,2,6,3,25003,168
2025-04-01,3,1,1,22,99
2025-04-01,3,1,2,82,99
2025-04-01,3,1,3,26049,242
2025-04-01,3,2,1,24,99
2025-04-01,3,2,2,89,105
2025-04-01,3,2,3,25481,237
2025-04-01,3,3,1,36,96
2025-04-01,3,3,2,80,105
2025-04-01,3,3,3,27026,231
2025-04-01,3,4,1,25,97
2025-04-01,3,4,2,105,105
2025-04-01,3,4,3,19063,234
2025-04-01,3,5,1,21,104
2025-04-01,3,5,2,75,95
2025-04-01,3,5,3,29019,91
2025-04-01,3,6,1,28,104
2025-04-01,3,6,2,83,105
2025-04-01,3,6,3,21650,226
2025-04-01,4,1,1,40,104
2025-04-01,4,1,2,95,95
2025-04-01,4,1,3,25877,240
2025-04-01,4,2,1,40,99
2025-04-01,4,2,2,99,99
2025-04-01,4,2,3,21306,142
2025-04-01,4,3,1,34,99
2025-04-01,4,3,2,73,96
2025-04-01,4,3,3,22404,120
2025-04-01,4,4,1,35,101
2025-04-01,4,4,2,83,102
2025-04-01,4,4,3,27879,167
2025-04-01,4,5,1,30,97
2025-04-01,4,5,2,92,100
2025-04-01,4,5,3,12284,182
2025-04-01,4,6,1,36,100
2025-04-01,4,6,2,76,103
2025-04-01,4,6,3,15921,161
2025-05-01,1,1,1,23,102
2025-05-01,1,1,2,98,99
2025-05-01,1,1,3,12616,143
2025-05-01,1,2,1,21,96
2025-05-01,1,2,2,94,99
2025-05-01,1,2,3,21701,237
2025-05-01,1,3,1,25,98
2025-05-01,1,3,2,100,100
2025-05-01,1,3,3,14220,160
2025-05-01,1,4,1,35,97
2025-05-01,1,4,2,99,103
2025-05-01,1,4,3,18110,207
2025-05-01,1,5,1,20,102
2025-05-01,1,5,2,95,96
2025-05-01,1,5,3,22982,209
2025-05-01,1,6,1,26,98
2025-05-01,1,6,2,92,104
2025-05-01,1,6,3,9656,92
2025-05-01,2,1,1,35,99
2025-05-01,2,1,2,100,104
2025-05-01,2,1,3,25586,153
2025-05-01,2,2,1,23,95
2025-05-01,2,2,2,78,101
2025-05-01,2,2,3,19985,147
2025-05-01,2,3,1,31,101
2025-05-01,2,3,2,95,95
2025-05-01,2,3,3,26686,93
2025-05-01,2,4,1,26,103
2025-05-01,2,4,2,100,100
2025-05-01,2,4,3,10409,153
2025-05-01,2,5,1,36,101
2025-05-01,2,5,2,102,102
2025-05-01,2,5,3,28422,151
2025-05-01,2,6,1,39,105
2025-05-01,2,6,2,78,96
2025-05-01,2,6,3,20907,104
2025-05-01,3,1,1,45,100
2025-05-01,3,1,2,100,100
2025-05-01,3,1,3,12727,173
2025-05-01,3,2,1,39,98
2025-05-01,3,2,2,95,103
2025-05-01,3,2,3,9319,208
2025-05-01,3,3,1,21,95
2025-05-01,3,3,2,91,97
2025-05-01,3,3,3,25017,201
2025-05-01,3,4,1,24,102
2025-05-01,3,4,2,102,104
2025-05-01,3,4,3,18746,115
2025-05-01,3,5,1,30,104
2025-05-01,3,5,2,95,97
2025-05-01,3,5,3,17805,237
2025-05-01,3,6,1,30,104
2025-05-01,3,6,2,102,103
2025-05-01,3,6,3,24051,216
2025-05-01,4,1,1,29,104
2025-05-01,4,1,2,71,102
2025-05-01,4,1,3,18854,174
2025-05-01,4,2,1,23,105
2025-05-01,4,2,2,101,101
2025-05-01,4,2,3,28619,158
2025-05-01,4,3,1,39,95
2025-05-01,4,3,2,86,102
2025-05-01,4,3,3,26955,247
2025-05-01,4,4,1,27,104
2025-05-01,4,4,2,95,95
2025-05-01,4,4,3,13587,202
2025-05-01,4,5,1,40,103
2025-05-01,4,5,2,94,104
2025-05-01,4,5,3,15936,117
2025-05-01,4,6,1,38,95
2025-05-01,4,6,2,82,96
2025-05-01,4,6,3,22451,84
2025-06-01,1,1,1,33,100
2025-06-01,1,1,2,96,97
2025-06-01,1,1,3,14681,256
2025-06-01,1,2,1,36,101
2025-06-01,1,2,2,100,104
2025-06-01,1,2,3,12524,95
2025-06-01,1,3,1,26,103
2025-06-01,1,3,2,90,103
2025-06-01,1,3,3,23675,249
2025-06-01,1,4,1,32,103
2025-06-01,1,4,2,81,100
2025-06-01,1,4,3,25469,197
2025-06-01,1,5,1,37,100
2025-06-01,1,5,2,86,100
2025-06-01,1,5,3,23865,236
2025-06-01,1,6,1,27,98
2025-06-01,1,6,2,99,99
2025-06-01,1,6,3,15368,156
2025-06-01,2,1,1,44,99
2025-06-01,2,1,2,83,99
2025-06-01,2,1,3,24023,256
2025-06-01,2,2,1,35,100
2025-06-01,2,2,2,100,100
2025-06-01,2,2,3,17430,150
2025-06-01,2,3,1,38,96
2025-06-01,2,3,2,104,105
2025-06-01,2,3,3,20928,177
2025-06-01,2,4,1,44,100
2025-06-01,2,4,2,88,97
2025-06-01,2,4,3,17425,90
2025-06-01,2,5,1,31,96
2025-06-01,2,5,2,86,102
2025-06-01,2,5,3,15011,202
2025-06-01,2,6,1,37,98
2025-06-01,2,6,2,99,99
2025-06-01,2,6,3,16900,258
2025-06-01,3,1,1,23,97
2025-06-01,3,1,2,104,104
2025-06-01,3,1,3,15944,141
2025-06-01,3,2,1,41,95
2025-06-01,3,2,2,84,103
2025-06-01,3,2,3,15629,243
2025-06-01,3,3,1,23,95
2025-06-01,3,3,2,91,101
2025-06-01,3,3,3,11294,200
2025-06-01,3,4,1,44,105
2025-06-01,3,4,2,70,97
2025-06-01,3,4,3,13175,220
2025-06-01,3,5,1,40,101
2025-06-01,3,5,2,100,102
2025-06-01,3,5,3,14535,246
2025-06-01,3,6,1,30,99
2025-06-01,3,6,2,73,99
2025-06-01,3,6,3,29374,102
2025-06-01,4,1,1,27,104
2025-06-01,4,1,2,72,103
2025-06-01,4,1,3,21693,124
2025-06-01,4,2,1,21,97
2025-06-01,4,2,2,101,101
2025-06-01,4,2,3,17485,127
2025-06-01,4,3,1,20,95
2025-06-01,4,3,2,99,99
2025-06-01,4,3,3,11516,234
2025-06-01,4,4,1,29,100
2025-06-01,4,4,2,102,102
2025-06-01,4,4,3,24184,214
2025-06-01,4,5,1,36,97
2025-06-01,4,5,2,87,102
2025-06-01,4,5,3,11691,129
2025-06-01,4,6,1,25,100
2025-06-01,4,6,2,86,102
2025-06-01,4,6,3,8461,127
2025-07-01,1,1,1,45,100
2025-07-01,1,1,2,99,99
2025-07-01,1,1,3,14329,252
2025-07-01,1,2,1,39,97
2025-07-01,1,2,2,95,105
2025-07-01,1,2,3,24884,189
2025-07-01,1,3,1,22,100
2025-07-01,1,3,2,76,101
2025-07-01,1,3,3,12607,127
2025-07-01,1,4,1,30,102
2025-07-01,1,4,2,70,98
2025-07-01,1,4,3,20568,146
2025-07-01,1,5,1,34,98
2025-07-01,1,5,2,91,99
2025-07-01,1,5,3,27086,157
2025-07-01,1,6,1,20,104
2025-07-01,1,6,2,93,99
2025-07-01,1,6,3,15743,257
2025-07-01,2,1,1,41,95
2025-07-01,2,1,2,96,96
2025-07-01,2,1,3,13233,158
2025-07-01,2,2,1,41,101
2025-07-01,2,2,2,89,103
2025-07-01,2,2,3,11847,256
2025-07-01,2,3,1,29,105
2025-07-01,2,3,2,100,100
2025-07-01,2,3,3,15180,136
2025-07-01,2,4,1,35,97
2025-07-01,2,4,2,97,97
2025-07-01,2,4,3,20242,235
2025-07-01,2,5,1,42,101
2025-07-01,2,5,2,100,103
2025-07-01,2,5,3,29761,217
2025-07-01,2,6,1,44,98
2025-07-01,2,6,2,98,98
2025-07-01,2,6,3,25219,100
2025-07-01,3,1,1,36,102
2025-07-01,3,1,2,74,100
2025-07-01,3,1,3,11676,224
2025-07-01,3,2,1,37,95
2025-07-01,3,2,2,82,103
2025-07-01,3,2,3,25585,226
2025-07-01,3,3,1,25,97
2025-07-01,3,3,2,100,100
2025-07-01,3,3,3,11808,193
2025-07-01,3,4,1,26,105
2025-07-01,3,4,2,101,104
2025-07-01,3,4,3,24723,103
2025-07-01,3,5,1,45,102
2025-07-01,3,5,2,95,95
2025-07-01,3,5,3,24818,113
2025-07-01,3,6,1,34,101
2025-07-01,3,6,2,73,104
2025-07-01,3,6,3,23151,223
2025-07-01,4,1,1,45,105
2025-07-01,4,1,2,71,99
2025-07-01,4,1,3,16338,181
2025-07-01,4,2,1,43,95
2025-07-01,4,2,2,98,98
2025-07-01,4,2,3,9484,98
2025-07-01,4,3,1,31,101
2025-07-01,4,3,2,96,96
2025-07-01,4,3,3,10261,95
2025-07-01,4,4,1,21,102
2025-07-01,4,4,2,96,99
2025-07-01,4,4,3,12437,126
2025-07-01,4,5,1,43,105
2025-07-01,4,5,2,96,105
2025-07-01,4,5,3,20533,175
2025-07-01,4,6,1,32,102
2025-07-01,4,6,2,75,101
2025-07-01,4,6,3,29685,254
2025-08-01,1,1,1,24,103
2025-08-01,1,1,2,92,105
2025-08-01,1,1,3,13848,110
2025-08-01,1,2,1,32,103
2025-08-01,1,2,2,78,103
2025-08-01,1,2,3,8113,137
2025-08-01,1,3,1,29,95
2025-08-01,1,3,2,102,102
2025-08-01,1,3,3,25430,188
2025-08-01,1,4,1,27,101
2025-08-01,1,4,2,98,98
2025-08-01,1,4,3,13083,168
2025-08-01,1,5,1,26,99
2025-08-01,1,5,2,72,96
2025-08-01,1,5,3,21737,249
2025-08-01,1,6,1,44,104
2025-08-01,1,6,2,85,95
2025-08-01,1,6,3,10204,132
2025-08-01,2,1,1,39,96
2025-08-01,2,1,2,95,95
2025-08-01,2,1,3,9595,233
2025-08-01,2,2,1,43,98
2025-08-01,2,2,2,95,95
2025-08-01,2,2,3,15678,192
2025-08-01,2,3,1,26,103
2025-08-01,2,3,2,78,95
2025-08-01,2,3,3,17478,208
2025-08-01,2,4,1,43,98
2025-08-01,2,4,2,90,104
2025-08-01,2,4,3,27592,227
2025-08-01,2,5,1,30,105
2025-08-01,2,5,2,89,98
2025-08-01,2,5,3,29633,116
2025-08-01,2,6,1,27,103
2025-08-01,2,6,2,89,101
2025-08-01,2,6,3,9997,150
2025-08-01,3,1,1,38,103
2025-08-01,3,1,2,97,97
2025-08-01,3,1,3,21998,253
2025-08-01,3,2,1,35,103
2025-08-01,3,2,2,92,95
2025-08-01,3,2,3,29998,244
2025-08-01,3,3,1,45,101
2025-08-01,3,3,2,90,103
2025-08-01,3,3,3,21642,258
2025-08-01,3,4,1,24,101
2025-08-01,3,4,2,94,99
2025-08-01,3,4,3,25626,127
2025-08-01,3,5,1,27,102
2025-08-01,3,5,2,89,98
2025-08-01,3,5,3,23172,116
2025-08-01,3,6,1,37,95
2025-08-01,3,6,2,96,101
2025-08-01,3,6,3,25366,222
2025-08-01,4,1,1,32,97
2025-08-01,4,1,2,86,98
2025-08-01,4,1,3,18822,132
2025-08-01,4,2,1,22,105
2025-08-01,4,2,2,93,102
2025-08-01,4,2,3,25551,103
2025-08-01,4,3,1,21,98
2025-08-01,4,3,2,94,99
2025-08-01,4,3,3,27823,252
2025-08-01,4,4,1,21,104
2025-08-01,4,4,2,82,96
2025-08-01,4,4,3,26312,230
2025-08-01,4,5,1,35,98
2025-08-01,4,5,2,91,98
2025-08-01,4,5,3,8502,157
2025-08-01,4,6,1,26,98
2025-08-01,4,6,2,96,96
2025-08-01,4,6,3,27805,142
2025-09-01,1,1,1,32,98
2025-09-01,1,1,2,98,98
2025-09-01,1,1,3,17275,162
2025-09-01,1,2,1,34,101
2025-09-01,1,2,2,92,103
2025-09-01,1,2,3,16570,158
2025-09-01,1,3,1,36,100
2025-09-01,1,3,2,99,102
2025-09-01,1,3,3,23384,105
2025-09-01,1,4,1,26,100
2025-09-01,1,4,2,90,100
2025-09-01,1,4,3,9498,185
2025-09-01,1,5,1,27,104
2025-09-01,1,5,2,71,97
2025-09-01,1,5,3,26130,146
2025-09-01,1,6,1,38,104
2025-09-01,1,6,2,88,101
2025-09-01,1,6,3,14428,119
2025-09-01,2,1,1,27,100
2025-09-01,2,1,2,101,101
2025-09-01,2,1,3,24361,142
2025-09-01,2,2,1,40,103
2025-09-01,2,2,2,91,105
2025-09-01,2,2,3,24011,145
2025-09-01,2,3,1,43,105
2025-09-01,2,3,2,99,102
2025-09-01,2,3,3,19540,123
2025-09-01,2,4,1,24,97
2025-09-01,2,4,2,101,103
2025-09-01,2,4,3,25764,127
2025-09-01,2,5,1,21,105
2025-09-01,2,5,2,72,103
2025-09-01,2,5,3,29896,99
2025-09-01,2,6,1,44,95
2025-09-01,2,6,2,95,95
2025-09-01,2,6,3,28666,115
2025-09-01,3,1,1,22,98
2025-09-01,3,1,2,70,97
2025-09-01,3,1,3,24571,135
2025-09-01,3,2,1,31,102
2025-09-01,3,2,2,95,95
2025-09-01,3,2,3,29848,243
2025-09-01,3,3,1,35,104
2025-09-01,3,3,2,101,105
2025-09-01,3,3,3,8216,84
2025-09-01,3,4,1,37,103
2025-09-01,3,4,2,70,101
2025-09-01,3,4,3,25347,84
2025-09-01,3,5,1,37,99
2025-09-01,3,5,2,71,99
2025-09-01,3,5,3,22109,208
2025-09-01,3,6,1,23,97
2025-09-01,3,6,2,96,96
2025-09-01,3,6,3,15896,118
2025-09-01,4,1,1,39,98
2025-09-01,4,1,2,86,103
2025-09-01,4,1,3,16759,170
2025-09-01,4,2,1,22,101
2025-09-01,4,2,2,95,100
2025-09-01,4,2,3,26513,197
2025-09-01,4,3,1,42,98
2025-09-01,4,3,2,89,98
2025-09-01,4,3,3,10641,255
2025-09-01,4,4,1,40,105
2025-09-01,4,4,2,75,95
2025-09-01,4,4,3,20427,183
2025-09-01,4,5,1,37,101
2025-09-01,4,5,2,73,102
2025-09-01,4,5,3,8309,243
2025-09-01,4,6,1,22,97
2025-09-01,4,6,2,97,102
2025-09-01,4,6,3,18855,245
2025-10-01,1,1,1,23,104
2025-10-01,1,1,2,72,103
2025-10-01,1,1,3,14927,138
2025-10-01,1,2,1,35,104
2025-10-01,1,2,2,72,99
2025-10-01,1,2,3,17187,99
2025-10-01,1,3,1,38,103
2025-10-01,1,3,2,72,105
2025-10-01,1,3,3,18305,125
2025-10-01,1,4,1,26,95
2025-10-01,1,4,2,79,104
2025-10-01,1,4,3,10521,181
2025-10-01,1,5,1,25,99
2025-10-01,1,5,2,85,104
2025-10-01,1,5,3,20751,225
2025-10-01,1,6,1,37,105
2025-10-01,1,6,2,94,100
2025-10-01,1,6,3,10569,115
2025-10-01,2,1,1,43,103
2025-10-01,2,1,2,73,100
2025-10-01,2,1,3,22322,105
2025-10-01,2,2,1,22,98
2025-10-01,2,2,2,100,100
2025-10-01,2,2,3,27516,237
2025-10-01,2,3,1,44,101
2025-10-01,2,3,2,71,100
2025-10-01,2,3,3,16956,242
2025-10-01,2,4,1,35,102
2025-10-01,2,4,2,92,98
2025-10-01,2,4,3,20301,221
2025-10-01,2,5,1,25,101
2025-10-01,2,5,2,105,105
2025-10-01,2,5,3,20454,249
2025-10-01,2,6,1,44,96
2025-10-01,2,6,2,88,104
2025-10-01,2,6,3,10408,143
2025-10-01,3,1,1,28,96
2025-10-01,3,1,2,94,97
2025-10-01,3,1,3,13055,242
2025-10-01,3,2,1,30,101
2025-10-01,3,2,2,76,100
2025-10-01,3,2,3,8170,103
2025-10-01,3,3,1,34,99
2025-10-01,3,3,2,87,100
2025-10-01,3,3,3,12341,106
2025-10-01,3,4,1,25,96
2025-10-01,3,4,2,98,101
2025-10-01,3,4,3,26177,222
2025-10-01,3,5,1,33,103
2025-10-01,3,5,2,71,96
2025-10-01,3,5,3,19597,102
2025-10-01,3,6,1,22,103
2025-10-01,3,6,2,104,104
2025-10-01,3,6,3,20623,163
2025-10-01,4,1,1,29,95
2025-10-01,4,1,2,94,101
2025-10-01,4,1,3,26334,101
2025-10-01,4,2,1,38,98
2025-10-01,4,2,2,80,103
2025-10-01,4,2,3,20475,255
2025-10-01,4,3,1,24,97
2025-10-01,4,3,2,89,99
2025-10-01,4,3,3,24158,148
2025-10-01,4,4,1,22,97
2025-10-01,4,4,2,97,97
2025-10-01,4,4,3,21798,150
2025-10-01,4,5,1,35,99
2025-10-01,4,5,2,93,96
2025-10-01,4,5,3,16080,144
2025-10-01,4,6,1,35,105
2025-10-01,4,6,2,104,104
2025-10-01,4,6,3,23003,130
2025-11-01,1,1,1,24,96
2025-11-01,1,1,2,70,99
2025-11-01,1,1,3,18886,181
2025-11-01,1,2,1,32,104
2025-11-01,1,2,2,98,100
2025-11-01,1,2,3,22110,165
2025-11-01,1,3,1,39,105
2025-11-01,1,3,2,89,97
2025-11-01,1,3,3,27766,162
2025-11-01,1,4,1,35,98
2025-11-01,1,4,2,81,100
2025-11-01,1,4,3,18457,181
2025-11-01,1,5,1,43,99
2025-11-01,1,5,2,101,105
2025-11-01,1,5,3,15943,227
2025-11-01,1,6,1,32,100
2025-11-01,1,6,2,95,99
2025-11-01,1,6,3,11731,173
2025-11-01,2,1,1,26,104
2025-11-01,2,1,2,104,104
2025-11-01,2,1,3,26025,126
2025-11-01,2,2,1,43,95
2025-11-01,2,2,2,83,102
2025-11-01,2,2,3,17546,192
2025-11-01,2,3,1,45,96
2025-11-01,2,3,2,101,101
2025-11-01,2,3,3,28753,115
2025-11-01,2,4,1,27,99
2025-11-01,2,4,2,79,99
2025-11-01,2,4,3,20353,188
2025-11-01,2,5,1,34,96
2025-11-01,2,5,2,100,104
2025-11-01,2,5,3,21133,229
2025-11-01,2,6,1,36,103
2025-11-01,2,6,2,101,101
2025-11-01,2,6,3,19781,89
2025-11-01,3,1,1,39,103
2025-11-01,3,1,2,75,105
2025-11-01,3,1,3,16134,107
2025-11-01,3,2,1,41,105
2025-11-01,3,2,2,80,100
2025-11-01,3,2,3,28076,245
2025-11-01,3,3,1,38,95
2025-11-01,3,3,2,95,105
2025-11-01,3,3,3,22105,164
2025-11-01,3,4,1,20,96
2025-11-01,3,4,2,86,96
2025-11-01,3,4,3,24733,136
2025-11-01,3,5,1,37,103
2025-11-01,3,5,2,104,104
2025-11-01,3,5,3,22607,136
2025-11-01,3,6,1,32,100
2025-11-01,3,6,2,102,102
2025-11-01,3,6,3,24399,256
2025-11-01,4,1,1,31,97
2025-11-01,4,1,2,95,95
2025-11-01,4,1,3,17680,106
2025-11-01,4,2,1,22,101
2025-11-01,4,2,2,79,96
2025-11-01,4,2,3,18220,169
2025-11-01,4,3,1,34,100
2025-11-01,4,3,2,98,98
2025-11-01,4,3,3,19413,203
2025-11-01,4,4,1,23,102
2025-11-01,4,4,2,98,102
2025-11-01,4,4,3,10201,161
2025-11-01,4,5,1,21,99
2025-11-01,4,5,2,71,96
2025-11-01,4,5,3,29232,167
2025-11-01,4,6,1,41,96
2025-11-01,4,6,2,85,97
2025-11-01,4,6,3,13716,212
2025-12-01,1,1,1,25,103
2025-12-01,1,1,2,100,100
2025-12-01,1,1,3,23140,189
2025-12-01,1,2,1,45,98
2025-12-01,1,2,2,101,101
2025-12-01,1,2,3,14107,127
2025-12-01,1,3,1,41,105
2025-12-01,1,3,2,95,101
2025-12-01,1,3,3,28123,87
2025-12-01,1,4,1,34,98
2025-12-01,1,4,2,97,104
2025-12-01,1,4,3,8145,179
2025-12-01,1,5,1,26,98
2025-12-01,1,5,2,74,99
2025-12-01,1,5,3,11334,227
2025-12-01,1,6,1,25,103
2025-12-01,1,6,2,90,100
2025-12-01,1,6,3,22993,130
2025-12-01,2,1,1,28,96
2025-12-01,2,1,2,101,105
2025-12-01,2,1,3,28942,215
2025-12-01,2,2,1,39,100
2025-12-01,2,2,2,101,101
2025-12-01,2,2,3,27234,180
2025-12-01,2,3,1,31,96
2025-12-01,2,3,2,99,100
2025-12-01,2,3,3,13653,238
2025-12-01,2,4,1,42,105
2025-12-01,2,4,2,99,99
2025-12-01,2,4,3,10777,231
2025-12-01,2,5,1,24,105
2025-12-01,2,5,2,77,100
2025-12-01,2,5,3,18006,141
2025-12-01,2,6,1,25,96
2025-12-01,2,6,2,79,100
2025-12-01,2,6,3,20729,210
2025-12-01,3,1,1,39,101
2025-12-01,3,1,2,97,97
2025-12-01,3,1,3,21862,178
2025-12-01,3,2,1,35,97
2025-12-01,3,2,2,104,105
2025-12-01,3,2,3,29143,257
2025-12-01,3,3,1,37,97
2025-12-01,3,3,2,97,97
2025-12-01,3,3,3,12597,153
2025-12-01,3,4,1,30,97
2025-12-01,3,4,2,102,102
2025-12-01,3,4,3,19764,93
2025-12-01,3,5,1,35,95
2025-12-01,3,5,2,82,97
2025-12-01,3,5,3,26401,178
2025-12-01,3,6,1,40,103
2025-12-01,3,6,2,96,102
2025-12-01,3,6,3,24112,255
2025-12-01,4,1,1,42,101
2025-12-01,4,1,2,101,102
2025-12-01,4,1,3,10708,122
2025-12-01,4,2,1,20,104
2025-12-01,4,2,2,88,98
2025-12-01,4,2,3,17006,88
2025-12-01,4,3,1,37,98
2025-12-01,4,3,2,80,99
2025-12-01,4,3,3,26535,197
2025-12-01,4,4,1,37,102
2025-12-01,4,4,2,77,103
2025-12-01,4,4,3,11742,226
2025-12-01,4,5,1,44,99
2025-12-01,4,5,2,93,103
2025-12-01,4,5,3,9363,218
2025-12-01,4,6,1,37,102
2025-12-01,4,6,2,97,98
2025-12-01,4,6,3,29419,106
2026-01-01,1,1,1,29,98
2026-01-01,1,1,2,95,95
2026-01-01,1,1,3,19422,147
2026-01-01,1,2,1,34,96
2026-01-01,1,2,2,85,96
2026-01-01,1,2,3,27265,133
2026-01-01,1,3,1,42,100
2026-01-01,1,3,2,104,104
2026-01-01,1,3,3,13438,189
2026-01-01,1,4,1,24,104
2026-01-01,1,4,2,83,98
2026-01-01,1,4,3,26680,95
2026-01-01,1,5,1,37,100
2026-01-01,1,5,2,99,99
2026-01-01,1,5,3,13517,217
2026-01-01,1,6,1,42,100
2026-01-01,1,6,2,88,99
2026-01-01,1,6,3,16760,226
2026-01-01,2,1,1,41,103
2026-01-01,2,1,2,78,96
2026-01-01,2,1,3,9942,185
2026-01-01,2,2,1,40,99
2026-01-01,2,2,2,78,97
2026-01-01,2,2,3,12792,143
2026-01-01,2,3,1,27,100
2026-01-01,2,3,2,95,105
2026-01-01,2,3,3,12658,205
2026-01-01,2,4,1,40,104
2026-01-01,2,4,2,99,99
2026-01-01,2,4,3,20293,186
2026-01-01,2,5,1,22,102
2026-01-01,2,5,2,75,105
2026-01-01,2,5,3,24895,183
2026-01-01,2,6,1,42,99
2026-01-01,2,6,2,99,100
2026-01-01,2,6,3,18724,204
2026-01-01,3,1,1,20,104
2026-01-01,3,1,2,96,96
2026-01-01,3,1,3,29762,242
2026-01-01,3,2,1,22,100
2026-01-01,3,2,2,95,103
2026-01-01,3,2,3,22078,135
2026-01-01,3,3,1,35,98
2026-01-01,3,3,2,90,99
2026-01-01,3,3,3,19067,152
2026-01-01,3,4,1,38,103
2026-01-01,3,4,2,97,97
2026-01-01,3,4,3,19263,204
2026-01-01,3,5,1,44,105
2026-01-01,3,5,2,72,95
2026-01-01,3,5,3,28518,105
2026-01-01,3,6,1,20,102
2026-01-01,3,6,2,80,96
2026-01-01,3,6,3,22959,192
2026-01-01,4,1,1,33,95
2026-01-01,4,1,2,78,98
2026-01-01,4,1,3,17891,246
2026-01-01,4,2,1,28,97
2026-01-01,4,2,2,93,96
2026-01-01,4,2,3,10700,144
2026-01-01,4,3,1,41,100
2026-01-01,4,3,2,80,105
2026-01-01,4,3,3,20987,93
2026-01-01,4,4,1,29,105
2026-01-01,4,4,2,97,98
2026-01-01,4,4,3,10988,247
2026-01-01,4,5,1,20,96
2026-01-01,4,5,2,98,98
2026-01-01,4,5,3,12348,99
2026-01-01,4,6,1,27,104
2026-01-01,4,6,2,98,103
2026-01-01,4,6,3,8264,82
2026-02-01,1,1,1,23,100
2026-02-01,1,1,2,78,101
2026-02-01,1,1,3,10320,202
2026-02-01,1,2,1,32,98
2026-02-01,1,2,2,76,96
2026-02-01,1,2,3,18267,106
2026-02-01,1,3,1,29,100
2026-02-01,1,3,2,94,97
2026-02-01,1,3,3,29023,114
2026-02-01,1,4,1,24,105
2026-02-01,1,4,2,96,96
2026-02-01,1,4,3,8277,224
2026-02-01,1,5,1,40,104
2026-02-01,1,5,2,97,97
2026-02-01,1,5,3,14981,169
2026-02-01,1,6,1,43,105
2026-02-01,1,6,2,96,97
2026-02-01,1,6,3,22496,237
2026-02-01,2,1,1,22,98
2026-02-01,2,1,2,78,96
2026-02-01,2,1,3,27319,111
2026-02-01,2,2,1,31,101
2026-02-01,2,2,2,90,101
2026-02-01,2,2,3,16119,115
2026-02-01,2,3,1,40,99
2026-02-01,2,3,2,85,96
2026-02-01,2,3,3,27693,221
2026-02-01,2,4,1,43,104
2026-02-01,2,4,2,88,104
2026-02-01,2,4,3,8878,256
2026-02-01,2,5,1,29,105
2026-02-01,2,5,2,98,98
2026-02-01,2,5,3,24696,235
2026-02-01,2,6,1,43,98
2026-02-01,2,6,2,88,101
2026-02-01,2,6,3,9788,245
2026-02-01,3,1,1,35,98
2026-02-01,3,1,2,77,101
2026-02-01,3,1,3,24370,141
2026-02-01,3,2,1,39,105
2026-02-01,3,2,2,96,96
2026-02-01,3,2,3,19832,83
2026-02-01,3,3,1,24,100
2026-02-01,3,3,2,101,101
2026-02-01,3,3,3,19973,187
2026-02-01,3,4,1,41,103
2026-02-01,3,4,2,97,97
2026-02-01,3,4,3,8546,98
2026-02-01,3,5,1,22,104
2026-02-01,3,5,2,86,95
2026-02-01,3,5,3,9305,135
2026-02-01,3,6,1,45,95
2026-02-01,3,6,2,101,101
2026-02-01,3,6,3,28597,153
2026-02-01,4,1,1,44,103
2026-02-01,4,1,2,97,101
2026-02-01,4,1,3,21181,259
2026-02-01,4,2,1,40,96
2026-02-01,4,2,2,103,103
2026-02-01,4,2,3,13003,237
2026-02-01,4,3,1,22,99
2026-02-01,4,3,2,75,99
2026-02-01,4,3,3,14658,210
2026-02-01,4,4,1,37,97
2026-02-01,4,4,2,95,100
2026-02-01,4,4,3,28784,230
2026-02-01,4,5,1,41,105
2026-02-01,4,5,2,74,105
2026-02-01,4,5,3,22335,159
2026-02-01,4,6,1,21,98
2026-02-01,4,6,2,75,98
2026-02-01,4,6,3,11800,191
2026-03-01,1,1,1,39,102
2026-03-01,1,1,2,73,104
2026-03-01,1,1,3,29826,159
2026-03-01,1,2,1,43,105
2026-03-01,1,2,2,77,97
2026-03-01,1,2,3,12496,83
2026-03-01,1,3,1,25,95
2026-03-01,1,3,2,92,102
2026-03-01,1,3,3,24948,213
2026-03-01,1,4,1,25,99
2026-03-01,1,4,2,78,100
2026-03-01,1,4,3,11868,148
2026-03-01,1,5,1,30,95
2026-03-01,1,5,2,87,101
2026-03-01,1,5,3,10092,214
2026-03-01,1,6,1,42,99
2026-03-01,1,6,2,104,104
2026-03-01,1,6,3,24257,99
2026-03-01,2,1,1,36,102
2026-03-01,2,1,2,73,100
2026-03-01,2,1,3,26575,207
2026-03-01,2,2,1,31,97
2026-03-01,2,2,2,86,97
2026-03-01,2,2,3,26805,106
2026-03-01,2,3,1,43,105
2026-03-01,2,3,2,84,96
2026-03-01,2,3,3,8084,210
2026-03-01,2,4,1,20,95
2026-03-01,2,4,2,72,98
2026-03-01,2,4,3,19926,200
2026-03-01,2,5,1,24,101
2026-03-01,2,5,2,72,97
2026-03-01,2,5,3,29486,221
2026-03-01,2,6,1,27,101
2026-03-01,2,6,2,85,100
2026-03-01,2,6,3,18483,186
2026-03-01,3,1,1,22,99
2026-03-01,3,1,2,93,104
2026-03-01,3,1,3,24450,110
2026-03-01,3,2,1,21,105
2026-03-01,3,2,2,84,97
2026-03-01,3,2,3,9504,212
2026-03-01,3,3,1,22,101
2026-03-01,3,3,2,88,102
2026-03-01,3,3,3,18724,159
2026-03-01,3,4,1,37,96
2026-03-01,3,4,2,70,102
2026-03-01,3,4,3,14575,174
2026-03-01,3,5,1,38,99
2026-03-01,3,5,2,99,99
2026-03-01,3,5,3,23201,142
2026-03-01,3,6,1,38,100
2026-03-01,3,6,2,82,102
2026-03-01,3,6,3,16032,219
2026-03-01,4,1,1,20,97
2026-03-01,4,1,2,71,101
2026-03-01,4,1,3,25745,139
2026-03-01,4,2,1,40,100
2026-03-01,4,2,2,91,95
2026-03-01,4,2,3,29538,80
2026-03-01,4,3,1,43,101
2026-03-01,4,3,2,76,99
2026-03-01,4,3,3,25360,132
2026-03-01,4,4,1,33,98
2026-03-01,4,4,2,73,102
2026-03-01,4,4,3,17169,116
2026-03-01,4,5,1,21,96
2026-03-01,4,5,2,98,98
2026-03-01,4,5,3,20205,185
2026-03-01,4,6,1,43,102
2026-03-01,4,6,2,96,96
2026-03-01,4,6,3,24561,104
2026-04-01,1,1,1,40,97
2026-04-01,1,1,2,74,101
2026-04-01,1,1,3,26606,231
2026-04-01,1,2,1,33,95
2026-04-01,1,2,2,78,105
2026-04-01,1,2,3,17557,140
2026-04-01,1,3,1,30,99
2026-04-01,1,3,2,90,101
2026-04-01,1,3,3,22835,161
2026-04-01,1,4,1,27,99
2026-04-01,1,4,2,82,96
2026-04-01,1,4,3,27159,114
2026-04-01,1,5,1,24,96
2026-04-01,1,5,2,80,96
2026-04-01,1,5,3,23271,195
2026-04-01,1,6,1,33,100
2026-04-01,1,6,2,96,96
2026-04-01,1,6,3,14803,171
2026-04-01,2,1,1,29,102
2026-04-01,2,1,2,86,102
2026-04-01,2,1,3,10962,110
2026-04-01,2,2,1,45,97
2026-04-01,2,2,2,89,105
2026-04-01,2,2,3,27769,260
2026-04-01,2,3,1,26,95
2026-04-01,2,3,2,79,100
2026-04-01,2,3,3,16133,103
2026-04-01,2,4,1,32,100
2026-04-01,2,4,2,73,103
2026-04-01,2,4,3,17792,253
2026-04-01,2,5,1,25,99
2026-04-01,2,5,2,95,95
2026-04-01,2,5,3,26217,195
2026-04-01,2,6,1,27,103
2026-04-01,2,6,2,96,96
2026-04-01,2,6,3,12580,106
2026-04-01,3,1,1,20,96
2026-04-01,3,1,2,84,95
2026-04-01,3,1,3,14492,113
2026-04-01,3,2,1,31,101
2026-04-01,3,2,2,105,105
2026-04-01,3,2,3,10753,245
2026-04-01,3,3,1,38,104
2026-04-01,3,3,2,74,99
2026-04-01,3,3,3,10112,85
2026-04-01,3,4,1,40,98
2026-04-01,3,4,2,78,102
2026-04-01,3,4,3,18864,103
2026-04-01,3,5,1,21,96
2026-04-01,3,5,2,73,102
2026-04-01,3,5,3,26805,123
2026-04-01,3,6,1,43,101
2026-04-01,3,6,2,101,101
2026-04-01,3,6,3,20541,87
2026-04-01,4,1,1,33,105
2026-04-01,4,1,2,92,97
2026-04-01,4,1,3,14132,134
2026-04-01,4,2,1,28,99
2026-04-01,4,2,2,79,102
2026-04-01,4,2,3,28123,88
2026-04-01,4,3,1,39,104
2026-04-01,4,3,2,88,98
2026-04-01,4,3,3,21500,207
2026-04-01,4,4,1,35,103
2026-04-01,4,4,2,75,95
2026-04-01,4,4,3,20550,151
2026-04-01,4,5,1,33,97
2026-04-01,4,5,2,98,98
2026-04-01,4,5,3,28668,143
2026-04-01,4,6,1,45,103
2026-04-01,4,6,2,94,95
2026-04-01,4,6,3,23718,171
2026-05-01,1,1,1,45,103
2026-05-01,1,1,2,92,102
2026-05-01,1,1,3,24462,224
2026-05-01,1,2,1,32,100
2026-05-01,1,2,2,81,99
2026-05-01,1,2,3,18448,86
2026-05-01,1,3,1,27,104
2026-05-01,1,3,2,87,95
2026-05-01,1,3,3,23456,94
2026-05-01,1,4,1,31,103
2026-05-01,1,4,2,84,104
2026-05-01,1,4,3,11281,120
2026-05-01,1,5,1,41,98
2026-05-01,1,5,2,87,98
2026-05-01,1,5,3,9832,216
2026-05-01,1,6,1,38,98
2026-05-01,1,6,2,92,101
2026-05-01,1,6,3,13770,124
2026-05-01,2,1,1,38,98
2026-05-01,2,1,2,92,100
2026-05-01,2,1,3,8924,231
2026-05-01,2,2,1,38,100
2026-05-01,2,2,2,79,104
2026-05-01,2,2,3,14168,224
2026-05-01,2,3,1,37,102
2026-05-01,2,3,2,81,99
2026-05-01,2,3,3,9243,205
2026-05-01,2,4,1,21,96
2026-05-01,2,4,2,98,98
2026-05-01,2,4,3,8653,136
2026-05-01,2,5,1,35,103
2026-05-01,2,5,2,91,95
2026-05-01,2,5,3,14601,237
2026-05-01,2,6,1,30,97
2026-05-01,2,6,2,90,97
2026-05-01,2,6,3,8718,95
2026-05-01,3,1,1,38,97
2026-05-01,3,1,2,77,97
2026-05-01,3,1,3,19956,214
2026-05-01,3,2,1,31,96
2026-05-01,3,2,2,95,105
2026-05-01,3,2,3,11310,230
2026-05-01,3,3,1,29,100
2026-05-01,3,3,2,78,100
2026-05-01,3,3,3,22315,120
2026-05-01,3,4,1,35,105
2026-05-01,3,4,2,90,105
2026-05-01,3,4,3,26414,124
2026-05-01,3,5,1,45,104
2026-05-01,3,5,2,84,100
2026-05-01,3,5,3,27298,250
2026-05-01,3,6,1,32,97
2026-05-01,3,6,2,88,99
2026-05-01,3,6,3,13823,112
2026-05-01,4,1,1,42,95
2026-05-01,4,1,2,95,104
2026-05-01,4,1,3,9061,225
2026-05-01,4,2,1,39,97
2026-05-01,4,2,2,100,100
2026-05-01,4,2,3,28959,136
2026-05-01,4,3,1,23,104
2026-05-01,4,3,2,79,102
2026-05-01,4,3,3,10549,164
2026-05-01,4,4,1,31,98
2026-05-01,4,4,2,80,100
2026-05-01,4,4,3,10907,242
2026-05-01,4,5,1,40,105
2026-05-01,4,5,2,98,100
2026-05-01,4,5,3,16690,82
2026-05-01,4,6,1,27,98
2026-05-01,4,6,2,92,96
2026-05-01,4,6,3,11540,145
2026-06-01,1,1,1,21,95
2026-06-01,1,1,2,98,101
2026-06-01,1,1,3,13450,187
2026-06-01,1,2,1,35,101
2026-06-01,1,2,2,92,101
2026-06-01,1,2,3,20299,219
2026-06-01,1,3,1,35,96
2026-06-01,1,3,2,84,104
2026-06-01,1,3,3,22787,121
2026-06-01,1,4,1,45,96
2026-06-01,1,4,2,88,95
2026-06-01,1,4,3,18443,85
2026-06-01,1,5,1,23,99
2026-06-01,1,5,2,91,96
2026-06-01,1,5,3,20303,123
2026-06-01,1,6,1,43,97
2026-06-01,1,6,2,96,96
2026-06-01,1,6,3,19073,103
2026-06-01,2,1,1,39,104
2026-06-01,2,1,2,71,102
2026-06-01,2,1,3,29418,190
2026-06-01,2,2,1,39,97
2026-06-01,2,2,2,80,101
2026-06-01,2,2,3,11318,93
2026-06-01,2,3,1,26,100
2026-06-01,2,3,2,96,98
2026-06-01,2,3,3,26157,258
2026-06-01,2,4,1,28,103
2026-06-01,2,4,2,88,105
2026-06-01,2,4,3,15783,156
2026-06-01,2,5,1,21,96
2026-06-01,2,5,2,101,101
2026-06-01,2,5,3,24087,220
2026-06-01,2,6,1,21,97
2026-06-01,2,6,2,70,100
2026-06-01,2,6,3,10871,189
2026-06-01,3,1,1,41,99
2026-06-01,3,1,2,105,105
2026-06-01,3,1,3,14542,202
2026-06-01,3,2,1,20,96
2026-06-01,3,2,2,80,98
2026-06-01,3,2,3,17562,243
2026-06-01,3,3,1,35,96
2026-06-01,3,3,2,89,96
2026-06-01,3,3,3,23431,181
2026-06-01,3,4,1,41,102
2026-06-01,3,4,2,75,99
2026-06-01,3,4,3,25829,244
2026-06-01,3,5,1,25,101
2026-06-01,3,5,2,94,100
2026-06-01,3,5,3,14113,174
2026-06-01,3,6,1,21,102
2026-06-01,3,6,2,98,99
2026-06-01,3,6,3,16631,199
2026-06-01,4,1,1,28,98
2026-06-01,4,1,2,73,104
2026-06-01,4,1,3,29871,118
2026-06-01,4,2,1,22,96
2026-06-01,4,2,2,92,105
2026-06-01,4,2,3,21565,218
2026-06-01,4,3,1,27,104
2026-06-01,4,3,2,73,103
2026-06-01,4,3,3,25123,179
2026-06-01,4,4,1,37,101
2026-06-01,4,4,2,100,105
2026-06-01,4,4,3,15721,226
2026-06-01,4,5,1,29,102
2026-06-01,4,5,2,95,96
2026-06-01,4,5,3,24452,88
2026-06-01,4,6,1,36,104
2026-06-01,4,6,2,104,104
2026-06-01,4,6,3,11941,117
2026-07-01,1,1,1,25,102
2026-07-01,1,1,2,83,97
2026-07-01,1,1,3,12134,129
2026-07-01,1,2,1,33,95
2026-07-01,1,2,2,96,96
2026-07-01,1,2,3,28552,131
2026-07-01,1,3,1,39,97
2026-07-01,1,3,2,90,99
2026-07-01,1,3,3,10851,97
2026-07-01,1,4,1,37,101
2026-07-01,1,4,2,101,101
2026-07-01,1,4,3,17050,163
2026-07-01,1,5,1,34,103
2026-07-01,1,5,2,95,95
2026-07-01,1,5,3,25123,230
2026-07-01,1,6,1,23,101
2026-07-01,1,6,2,79,101
2026-07-01,1,6,3,26566,117
2026-07-01,2,1,1,38,104
2026-07-01,2,1,2,76,96
2026-07-01,2,1,3,11309,224
2026-07-01,2,2,1,37,99
2026-07-01,2,2,2,96,100
2026-07-01,2,2,3,20551,147
2026-07-01,2,3,1,35,105
2026-07-01,2,3,2,104,104
2026-07-01,2,3,3,9227,201
2026-07-01,2,4,1,28,97
2026-07-01,2,4,2,79,101
2026-07-01,2,4,3,27944,238
2026-07-01,2,5,1,42,105
2026-07-01,2,5,2,72,101
2026-07-01,2,5,3,18862,181
2026-07-01,2,6,1,21,98
2026-07-01,2,6,2,87,102
2026-07-01,2,6,3,8662,175
2026-07-01,3,1,1,45,100
2026-07-01,3,1,2,89,99
2026-07-01,3,1,3,24109,151
2026-07-01,3,2,1,23,105
2026-07-01,3,2,2,78,98
2026-07-01,3,2,3,22519,156
2026-07-01,3,3,1,28,100
2026-07-01,3,3,2,101,101
2026-07-01,3,3,3,10925,245
2026-07-01,3,4,1,34,98
2026-07-01,3,4,2,96,98
2026-07-01,3,4,3,24924,204
2026-07-01,3,5,1,21,100
2026-07-01,3,5,2,80,103
2026-07-01,3,5,3,18194,96
2026-07-01,3,6,1,32,103
2026-07-01,3,6,2,97,97
2026-07-01,3,6,3,8948,225
2026-07-01,4,1,1,26,97
2026-07-01,4,1,2,73,98
2026-07-01,4,1,3,9083,143
2026-07-01,4,2,1,21,102
2026-07-01,4,2,2,82,100
2026-07-01,4,2,3,20070,150
2026-07-01,4,3,1,36,102
2026-07-01,4,3,2,101,101
2026-07-01,4,3,3,9001,111
2026-07-01,4,4,1,31,98
2026-07-01,4,4,2,102,102
2026-07-01,4,4,3,13819,194
2026-07-01,4,5,1,38,102
2026-07-01,4,5,2,92,103
2026-07-01,4,5,3,13358,168
2026-07-01,4,6,1,43,99
2026-07-01,4,6,2,88,96
2026-07-01,4,6,3,20666,87
